Workbook

Sheet Лист1
A1: Численность поголовья сельскохозяйственных животных
A2: Уалихановского района на 1 января 2026 года
A4: № | B4: Наименование сельского округа | C4: Наименование села | D4: КРС население | E4: КФХ, ИП | F4: Юр | G4: Итого | H4: в т.ч. Коровы население | I4: КФХ, ИП | J4: Юр | K4: Итого | L4: МРС население | M4: КФХ, ИП | N4: Юр | O4: Итого | P4: Лошади население | Q4: КФХ,ИП | R4: Юр | S4: Итого | T4: Свиньи население | U4: Птицы население
U5: Куры | V5: Утки | W5: Гуси
A6: 1 | B6: =[1]животноводство!D3 -> Актуесайский | C6: =[1]животноводство!E3 -> Актуесай | D6: =[1]животноводство!F3 -> 318 | E6: 7 | G6: =D6+E6+F6 -> 325 | H6: =[1]животноводство!O3 -> 141 | K6: =J6+I6+H6 -> 141 | L6: =AB6 -> 1095 | O6: =L6+M6+N6 -> 1095 | P6: =[1]животноводство!G3 -> 336 | Q6: 7 | S6: =P6+Q6+R6 -> 343 | T6: =[1]животноводство!K3 -> 3 | U6: 751 | V6: 6 | W6: 23 | Z6: 1083 | AA6: 12 | AB6: =Z6+AA6 -> 1095
A7: 2 | B7: =[1]животноводство!D4 -> Актуесайский | C7: =[1]животноводство!E4 -> Шагирсай | D7: =[1]животноводство!F4 -> 112 | E7: 506 | F7: 4437 | G7: =D7+E7+F7 -> 5055 | H7: =[1]животноводство!O4 -> 74 | I7: 378 | J7: 1389 | K7: =J7+I7+H7 -> 1841 | L7: =AB7 -> 545 | M7: 305 | N7: 1103 | O7: =L7+M7+N7 -> 1953 | P7: =[1]животноводство!G4 -> 185 | Q7: 383 | R7: 9 | S7: =P7+Q7+R7 -> 577 | T7: =[1]животноводство!K4 -> 0 | U7: =[1]животноводство!Q4 -> 95 | W7: 25 | Z7: 545 | AA7: 0 | AB7: =Z7+AA7 -> 545
A8: 3 | B8: =[1]животноводство!D5 -> Актуесайский | C8: =[1]животноводство!E5 -> Кондыбай | D8: =[1]животноводство!F5 -> 177 | G8: =D8+E8+F8 -> 177 | H8: =[1]животноводство!O5 -> 85 | K8: =J8+I8+H8 -> 85 | L8: =AB8 -> 369 | O8: =L8+M8+N8 -> 369 | P8: =[1]животноводство!G5 -> 96 | S8: =P8+Q8+R8 -> 96 | T8: =[1]животноводство!K5 -> 12 | U8: 184 | W8: 25 | Z8: 369 | AA8: 0 | AB8: =Z8+AA8 -> 369
A9: 4 | B9: =[1]животноводство!D6 -> Акбулакский | C9: =[1]животноводство!E6 -> Акбулак | D9: =[1]животноводство!F6 -> 468 | E9: 131 | F9: 2923 | G9: =D9+E9+F9 -> 3522 | H9: 350 | I9: 111 | J9: 938 | K9: =J9+I9+H9 -> 1399 | L9: =AB9 -> 2065 | M9: 28 | O9: =L9+M9+N9 -> 2093 | P9: =[1]животноводство!G6 -> 850 | Q9: 595 | S9: =P9+Q9+R9 -> 1445 | T9: =[1]животноводство!K6 -> 3 | U9: 247 | V9: 20 | W9: 10 | Z9: 2025 | AA9: 40 | AB9: =Z9+AA9 -> 2065
A10: 5 | B10: =[1]животноводство!D7 -> Акбулакский | C10: =[1]животноводство!E7 -> Карашилик | D10: =[1]животноводство!F7 -> 365 | E10: 168 | G10: =D10+E10+F10 -> 533 | H10: =[1]животноводство!O7 -> 187 | I10: 148 | K10: =J10+I10+H10 -> 335 | L10: =AB10 -> 673 | M10: 194 | O10: =L10+M10+N10 -> 867 | P10: =[1]животноводство!G7 -> 169 | Q10: 6 | S10: =P10+Q10+R10 -> 175 | T10: =[1]животноводство!K7 -> 68 | U10: =[1]животноводство!Q7 -> 100 | W10: 10 | Z10: 661 | AA10: 12 | AB10: =Z10+AA10 -> 673
A11: 6 | B11: =[1]животноводство!D8 -> Акбулакский | C11: =[1]животноводство!E8 -> Жас Улан | D11: =[1]животноводство!F8 -> 289 | E11: 187 | G11: =D11+E11+F11 -> 476 | H11: 155 | I11: 167 | K11: =J11+I11+H11 -> 322 | L11: =AB11 -> 215 | O11: =L11+M11+N11 -> 215 | P11: =[1]животноводство!G8 -> 230 | Q11: 381 | S11: =P11+Q11+R11 -> 611 | T11: =[1]животноводство!K8 -> 28 | U11: =[1]животноводство!Q8 -> 170 | Z11: 200 | AA11: 15 | AB11: =Z11+AA11 -> 215
A12: 7 | B12: =[1]животноводство!D9 -> Амангельдинский | C12: =[1]животноводство!E9 -> Амангельды | D12: =[1]животноводство!F9 -> 286 | E12: 218 | G12: =D12+E12+F12 -> 504 | H12: 112 | I12: 137 | K12: =J12+I12+H12 -> 249 | L12: =AB12 -> 402 | M12: 235 | O12: =L12+M12+N12 -> 637 | P12: =[1]животноводство!G9 -> 80 | Q12: 517 | S12: =P12+Q12+R12 -> 597 | T12: =[1]животноводство!K9 -> 0 | U12: 57 | Z12: 402 | AA12: 0 | AB12: =Z12+AA12 -> 402
A13: 8 | B13: =[1]животноводство!D10 -> Амангельдинский | C13: =[1]животноводство!E10 -> Тлеусай | D13: =[1]животноводство!F10 -> 338 | E13: 23 | G13: =D13+E13+F13 -> 361 | H13: 271 | I13: 35 | K13: =J13+I13+H13 -> 306 | L13: =AB13 -> 1141 | M13: 209 | O13: =L13+M13+N13 -> 1350 | P13: =[1]животноводство!G10 -> 160 | Q13: 103 | S13: =P13+Q13+R13 -> 263 | T13: =[1]животноводство!K10 -> 0 | U13: =[1]животноводство!Q10 -> 380 | W13: 9 | Z13: 1141 | AA13: 0 | AB13: =Z13+AA13 -> 1141
A14: 9 | B14: =[1]животноводство!D11 -> Бидайкский | C14: =[1]животноводство!E11 -> Бидайык | D14: =[1]животноводство!F11 -> 825 | E14: 399 | G14: =D14+E14+F14 -> 1224 | H14: =[1]животноводство!O11 -> 341 | I14: 185 | K14: =J14+I14+H14 -> 526 | L14: =AB14 -> 2322 | M14: 289 | O14: =L14+M14+N14 -> 2611 | P14: =[1]животноводство!G11 -> 497 | Q14: 98 | S14: =P14+Q14+R14 -> 595 | T14: =[1]животноводство!K11 -> 0 | U14: 1351 | V14: 21 | W14: 56 | Z14: 2294 | AA14: 28 | AB14: =Z14+AA14 -> 2322
A15: 10 | B15: =[1]животноводство!D12 -> Бидайкский | C15: =[1]животноводство!E12 -> Ондирис | D15: =[1]животноводство!F12 -> 425 | E15: 238 | G15: =D15+E15+F15 -> 663 | H15: =[1]животноводство!O12 -> 316 | I15: 140 | K15: =J15+I15+H15 -> 456 | L15: =AB15 -> 1645 | M15: 45 | O15: =L15+M15+N15 -> 1690 | P15: =[1]животноводство!G12 -> 538 | Q15: 60 | S15: =P15+Q15+R15 -> 598 | T15: =[1]животноводство!K12 -> 0 | U15: 395 | V15: 20 | W15: 55 | Z15: 1645 | AA15: 0 | AB15: =Z15+AA15 -> 1645
A16: 11 | B16: =[1]животноводство!D13 -> Бидайкский | C16: =[1]животноводство!E13 -> Жамбыл | D16: =[1]животноводство!F13 -> 346 | E16: 38 | G16: 390 | H16: =[1]животноводство!O13 -> 154 | I16: 17 | K16: =J16+I16+H16 -> 171 | L16: =AB16 -> 1500 | M16: 19 | O16: =L16+M16+N16 -> 1519 | P16: =[1]животноводство!G13 -> 386 | Q16: 18 | S16: =P16+Q16+R16 -> 404 | T16: =[1]животноводство!K13 -> 0 | U16: 467 | W16: 45 | Z16: 1469 | AA16: 31 | AB16: =Z16+AA16 -> 1500
A17: 12 | B17: =[1]животноводство!D14 -> Кишкенекольский | C17: =[1]животноводство!E14 -> Кишкенеколь | D17: =[1]животноводство!F14 -> 1069 | E17: 2172 | F17: 13 | G17: =D17+E17+F17 -> 3254 | H17: =[1]животноводство!O14 -> 624 | I17: 1668 | K17: =J17+I17+H17 -> 2292 | L17: 3344 | M17: 676 | N17: 1487 | O17: =L17+M17+N17 -> 5507 | P17: =[1]животноводство!G14 -> 967 | Q17: 3567 | R17: 2190 | S17: =P17+Q17+R17 -> 6724 | T17: =[1]животноводство!K14 -> 20 | U17: 1395 | V17: 44 | W17: 241 | Z17: 3282 | AA17: 53 | AB17: =Z17+AA17 -> 3335
A18: 13 | B18: =[1]животноводство!D15 -> Коктерекский | C18: =[1]животноводство!E15 -> Мортык | D18: =[1]животноводство!F15 -> 326 | E18: 41 | G18: =D18+E18+F18 -> 367 | H18: =[1]животноводство!O15 -> 130 | I18: 25 | K18: =J18+I18+H18 -> 155 | L18: =AB18 -> 1941 | M18: 76 | O18: =L18+M18+N18 -> 2017 | P18: =[1]животноводство!G15 -> 1009 | Q18: 215 | S18: =P18+Q18+R18 -> 1224 | T18: =[1]животноводство!K15 -> 0 | U18: 436 | V18: 14 | W18: 43 | Z18: 1941 | AA18: 0 | AB18: =Z18+AA18 -> 1941
A19: 14 | B19: =[1]животноводство!D16 -> Коктерекский | C19: =[1]животноводство!E16 -> Коктерек | D19: =[1]животноводство!F16 -> 201 | G19: =D19+E19+F19 -> 201 | H19: =[1]животноводство!O16 -> 93 | K19: =J19+I19+H19 -> 93 | L19: =AB19 -> 840 | O19: =L19+M19+N19 -> 840 | P19: =[1]животноводство!G16 -> 358 | Q19: 72 | S19: =P19+Q19+R19 -> 430 | T19: =[1]животноводство!K16 -> 0 | U19: 203 | W19: 40 | Z19: 840 | AA19: 0 | AB19: =Z19+AA19 -> 840
A20: 15 | B20: =[1]животноводство!D17 -> Кайратский | C20: =[1]животноводство!E17 -> Кайрат | D20: =[1]животноводство!F17 -> 540 | E20: 1102 | F20: 781 | G20: =D20+E20+F20 -> 2423 | H20: =[1]животноводство!O17 -> 324 | I20: 632 | J20: 359 | K20: =J20+I20+H20 -> 1315 | L20: =AB20 -> 715 | M20: 507 | O20: =L20+M20+N20 -> 1222 | P20: =[1]животноводство!G17 -> 368 | Q20: 854 | R20: 44 | S20: =P20+Q20+R20 -> 1266 | T20: =[1]животноводство!K17 -> 0 | U20: 156 | Z20: 708 | AA20: 7 | AB20: =Z20+AA20 -> 715
A21: 16 | B21: =[1]животноводство!D18 -> Кайратский | C21: =[1]животноводство!E18 -> Жаскайрат | D21: =[1]животноводство!F18 -> 338 | E21: 418 | G21: =D21+E21+F21 -> 756 | H21: =[1]животноводство!O18 -> 255 | I21: 392 | K21: =J21+I21+H21 -> 647 | L21: =AB21 -> 439 | M21: 258 | O21: =L21+M21+N21 -> 697 | P21: =[1]животноводство!G18 -> 201 | Q21: 206 | S21: =P21+Q21+R21 -> 407 | T21: =[1]животноводство!K18 -> 0 | U21: =[1]животноводство!Q18 -> 25 | Z21: 431 | AA21: 8 | AB21: =Z21+AA21 -> 439
A22: 17 | B22: =[1]животноводство!D19 -> Карасуский | C22: =[1]животноводство!E19 -> Аккудык | D22: =[1]животноводство!F19 -> 425 | E22: 580 | G22: =D22+E22+F22 -> 1005 | H22: =[1]животноводство!O19 -> 249 | I22: 520 | K22: =J22+I22+H22 -> 769 | L22: =AB22 -> 488 | M22: 325 | O22: =L22+M22+N22 -> 813 | P22: =[1]животноводство!G19 -> 340 | Q22: 2075 | S22: =P22+Q22+R22 -> 2415 | T22: =[1]животноводство!K19 -> 0 | U22: 303 | W22: 4 | Z22: 359 | AA22: 129 | AB22: =Z22+AA22 -> 488
A23: 18 | B23: =[1]животноводство!D20 -> Карасуский | C23: =[1]животноводство!E20 -> Золотая Нива | D23: =[1]животноводство!F20 -> 177 | E23: 446 | F23: 24 | G23: =D23+E23+F23 -> 647 | H23: =[1]животноводство!O20 -> 83 | I23: 347 | J23: 20 | K23: =J23+I23+H23 -> 450 | L23: 142 | M23: 339 | O23: =L23+M23+N23 -> 481 | P23: =[1]животноводство!G20 -> 108 | Q23: 707 | R23: 2664 | S23: =P23+Q23+R23 -> 3479 | T23: =[1]животноводство!K20 -> 0 | U23: =[1]животноводство!Q20 -> 92 | Z23: 140 | AA23: 7 | AB23: =Z23+AA23 -> 147
A24: 19 | B24: =[1]животноводство!D21 -> Каратерекский | C24: =[1]животноводство!E21 -> Каратерек | D24: =[1]животноводство!F21 -> 102 | E24: 165 | F24: 77 | G24: =D24+E24+F24 -> 344 | H24: =[1]животноводство!O21 -> 55 | I24: 142 | J24: 43 | K24: =J24+I24+H24 -> 240 | L24: =AB24 -> 690 | M24: 37 | O24: =L24+M24+N24 -> 727 | P24: =[1]животноводство!G21 -> 161 | Q24: 5 | S24: =P24+Q24+R24 -> 166 | T24: =[1]животноводство!K21 -> 0 | U24: 399 | Z24: 690 | AA24: 0 | AB24: =Z24+AA24 -> 690
A25: 20 | B25: =[1]животноводство!D22 -> Кулыкольский | C25: =[1]животноводство!E22 -> Кулыколь | D25: =[1]животноводство!F22 -> 2776 | E25: 2006 | F25: 767 | G25: =D25+E25+F25 -> 5549 | H25: =[1]животноводство!O22 -> 1364 | I25: 1142 | J25: 469 | K25: =J25+I25+H25 -> 2975 | L25: 2044 | M25: 1096 | O25: =L25+M25+N25 -> 3140 | P25: =[1]животноводство!G22 -> 817 | Q25: 780 | S25: =P25+Q25+R25 -> 1597 | T25: =[1]животноводство!K22 -> 0 | U25: 551 | W25: 26 | Z25: 1887 | AA25: 161 | AB25: =Z25+AA25 -> 2048
A26: 21 | B26: =[1]животноводство!D23 -> Кулыкольский | C26: =[1]животноводство!E23 -> Каратал | D26: =[1]животноводство!F23 -> 1137 | E26: 732 | G26: =D26+E26+F26 -> 1869 | H26: =[1]животноводство!O23 -> 856 | I26: 609 | K26: =J26+I26+H26 -> 1465 | L26: =AB26 -> 713 | M26: 372 | O26: =L26+M26+N26 -> 1085 | P26: =[1]животноводство!G23 -> 307 | Q26: 402 | S26: =P26+Q26+R26 -> 709 | T26: =[1]животноводство!K23 -> 0 | U26: =[1]животноводство!Q23 -> 135 | W26: 10 | Z26: 581 | AA26: 132 | AB26: =Z26+AA26 -> 713
A27: 22 | B27: =[1]животноводство!D24 -> Кулыкольский | C27: =[1]животноводство!E24 -> Береке | D27: =[1]животноводство!F24 -> 668 | E27: 665 | G27: =D27+E27+F27 -> 1333 | H27: =[1]животноводство!O24 -> 563 | I27: 338 | K27: =J27+I27+H27 -> 901 | L27: =AB27 -> 351 | M27: 141 | O27: =L27+M27+N27 -> 492 | P27: =[1]животноводство!G24 -> 157 | Q27: 290 | S27: =P27+Q27+R27 -> 447 | T27: =[1]животноводство!K24 -> 0 | U27: =[1]животноводство!Q24 -> 41 | Z27: 297 | AA27: 54 | AB27: =Z27+AA27 -> 351
A28: 23 | B28: =[1]животноводство!D25 -> Тельжанский | C28: =[1]животноводство!E25 -> Тельжан | D28: =[1]животноводство!F25 -> 173 | E28: 8 | G28: =D28+E28+F28 -> 181 | H28: =[1]животноводство!O25 -> 92 | I28: 4 | K28: =J28+I28+H28 -> 96 | L28: =AB28 -> 1132 | M28: 67 | O28: =L28+M28+N28 -> 1199 | P28: =[1]животноводство!G25 -> 236 | Q28: 230 | R28: 112 | S28: =P28+Q28+R28 -> 578 | T28: =[1]животноводство!K25 -> 0 | U28: 641 | W28: 7 | Z28: 1132 | AA28: 0 | AB28: =Z28+AA28 -> 1132
A29: 24 | B29: =[1]животноводство!D26 -> Тельжанский | C29: =[1]животноводство!E26 -> Кобенсай | D29: =[1]животноводство!F26 -> 256 | G29: =D29+E29+F29 -> 256 | H29: =[1]животноводство!O26 -> 167 | K29: =J29+I29+H29 -> 167 | L29: =AB29 -> 1059 | O29: =L29+M29+N29 -> 1059 | P29: =[1]животноводство!G26 -> 291 | Q29: 240 | S29: =P29+Q29+R29 -> 531 | T29: =[1]животноводство!K26 -> 0 | U29: =[1]животноводство!Q26 -> 770 | Z29: 1059 | AA29: 0 | AB29: =Z29+AA29 -> 1059
A30: ИТОГО | D30: =SUM(D6:D29) -> 12137 | E30: =SUM(E6:E29) -> 10250 | F30: =SUM(F6:F29) -> 9022 | G30: =SUM(G6:G29) -> 31415 | H30: =SUM(H6:H29) -> 7041 | I30: =SUM(I6:I29) -> 7137 | J30: =SUM(J6:J29) -> 3218 | K30: =SUM(K6:K29) -> 17396 | ... W30: =SUM(W6:W29) -> 629 | Z30: =SUM(Z6:Z29) -> 25181 | AA30: =SUM(AA6:AA29) -> 689 | AB30: =Z30+AA30 -> 25870

Sheet Лист2

Sheet Лист3
